keyword,score
game,20.601586458834188
character,12.169826975472537
play,11.248380114040188
like,9.417105748453563
story,8.769003957783507
good,8.656639131845727
quest,7.02683200512892
love,6.109052600226757
fun,5.769198291908721
lot,5.651805718082107
time,5.537179093926817
amazing,5.269068253964021
graphic,5.0409102162296335
genshin,4.968455687506992
great,4.940095309476627
player,4.719138455367546
world,4.589010585685237
update,4.500004885870903
star,4.489997754055764
ve,4.428832279295707
